<?xml version="1.0" encoding="UTF-8"?><metadata>
    <idinfo>
        <citation>
            <citeinfo>
                <title>Coastline - Northwest Hawaiian Islands (NWHI)</title>
                <onlink>https://geodata.hawaii.gov/arcgis/rest/services/NWHI/MapServer/0</onlink>
                <onlink>https://files.hawaii.gov/dbedt/op/gis/data/coastline_nwhi.pdf</onlink>
            </citeinfo>
        </citation>
        <descript>
            <abstract>[Metadata]  Coastline of the Northwest Hawaiian Islands (NWHI)Northwest Hawaiian Islands (French Frigate Shoals, Gardner
Pinnacles, Kaula Rock, Kure Atoll, Laysa Island, Lisianski Island, Midway
Islands, Necker Island, Nihoa Island, Pearl and Hermes Atoll).

Created by NOS National Geodetic Survey, 2001.  Esri staff downloaded from NOS National
Geodetic Survey, 2016.

For additional information, see metadata at https://files.hawaii.gov/dbedt/op/gis/data/coastline_nwhi.pdf, or contact the Hawaii Statewide GIS Program, Office of Planning, State of Hawaii; PO Box 2359, Honolulu, HI 96804; (808) 587-2846; email: gis@hawaii.gov; Website: https://planning.hawaii.gov/gis.</abstract>
            <purpose>Coastline of the Northwest Hawaiian Islands (NWHI)</purpose>
        </descript>
        <keywords>
            <theme>
                <themekt>None</themekt>
                <themekey>Terrestrial</themekey>
                <themekey>coastline</themekey>
                <themekey>northwest Hawaiian Islands</themekey>
                <themekey>NWHI</themekey>
                <themekey>State of Hawaii</themekey>
                <themekey>HawaiiStateGIS</themekey>
            </theme>
        </keywords>
        <accconst>None</accconst>
        <useconst>State of Hawaii Terms of Use. 



The
 contents of this web page are public domain and to the extent indicated
 otherwise in the Terms of Use, are exempt from Terms of Use policy 
restrictions.There are no expressed warranties associated with the 
release of this data or product. Specifically, no warranty is made that 
the GIS data or any subsequent updates will be error free and no 
warranty is made regarding the positional or thematic accuracy of the 
GIS data. The GIS data and any features depicted do not represent or 
confer any legal rights, privileges, benefits, boundaries or claims of 
any kind. The Office of Planning encourages users to report any 
discrepancies or errors found.  Contact: Hawaii Statewide GIS Program, Office of Planning, State of Hawaii; PO Box 2359, Honolulu, Hi. 96804; (808) 587-2846; email: gis@hawaii.gov. Website: https://planning.hawaii.gov/gis.</useconst>
        <datacred>Hawaii Statewide GIS Program</datacred>
    </idinfo>
    <metainfo>
        <metd>20201031</metd>
        <metc>
            <cntinfo>
                <!--no contact person or organization name available-->
            </cntinfo>
        </metc>
        <metstdn>FGDC Content Standard for Digital Geospatial Metadata</metstdn>
        <metstdv>FGDC-STD-001-1998</metstdv>
        <mettc>local time</mettc>
    </metainfo>
</metadata>
