﻿Row Labels,Count of Family,,,,
Acanthuridae,7,,,,
Achiridae,2,,,,
Albulidae,1,,,,
Ammodytidae,1,,,,
Anguillidae,1,,,,
Antennariidae,4,,,,
Apogonidae,3,,,,
Atherinopsidae,2,,,,
Aulopidae,1,,,,
Aulostomidae,1,,,,
Balistidae,8,,,,
Batrachoididae,1,,,,
Belonidae,5,,,,
Blenniidae,4,,,,
Bothidae,3,,,,
Bramidae,3,,,,
Bregmacerotidae,1,,,,
Bythitidae,4,,,,
Callionymidae,1,,,,
Carangidae,25,,,,
Carapidae,2,,,,
Centrolophidae,1,,,,
Centropomidae,1,,,,
Chaenopsidae,2,,,,
Chaetodontidae,9,,,,
Chanidae,1,,,,
Chlopsidae,1,,,,
Chlorophthalmidae,1,,,,
Cirrhitidae,3,,,,
Clupeidae,6,,,,
Congridae,6,,,,
Coryphaenidae,2,,,,
Cynoglossidae,3,,,,
Dactyloscopidae,4,,,,
Diodontidae,5,,,,
Echeneidae,7,,,,
Eleotridae,3,,,,
Engraulidae,4,,,,
Exocoetidae,15,,,,
Fistulariidae,2,,,,
Gempylidae,4,,,,
Gerreidae,6,,,,
Gobiesocidae,4,,,,
Gobiidae,9,,,,
Haemulidae,12,,,,
Hemiramphidae,5,,,,
Holocentridae,3,,,,
Istiophoridae,5,,,,
Kuhliidae,1,,,,
Kyphosidae,4,,,,
Labridae,18,,,,
Labrisomidae,8,,,,
Lophiidae,1,,,,
Lutjanidae,8,,,,
Luvaridae,1,,,,
Malacanthidae,4,,,,
Merlucciidae,1,,,,
Microdesmidae,2,,,,
Molidae,3,,,,
Monacanthidae,2,,,,
Moridae,1,,,,
Mugilidae,7,,,,
Mullidae,2,,,,
Muraenidae,21,,,,
Myrocongridae,1,,,,
Nematistiidae,1,,,,
Nomeidae,6,,,,
Ogcocephalidae,1,,,,
Ophichthidae,11,,,,
Ophidiidae,4,,,,
Opistognathidae,2,,,,
Oplegnathidae,1,,,,
Ostraciidae,1,,,,
Paralichthyidae,7,,,,
Peristediidae,1,,,,
Polynemidae,1,,,,
Pomacanthidae,2,,,,
Pomacentridae,12,,,,
Priacanthidae,2,,,,
Scaridae,6,,,,
Sciaenidae,8,,,,
Scomberosocidae,1,,,,
Scombridae,11,,,,
Scorpaenidae,13,,,,
Serranidae,31,,,,
Soleidae,1,,,,297
Sparidae,3,,,,
Sphyraenidae,2,,,,
Stromateidae,1,,,,
Syngnathidae,4,,,,
Synodontidae,3,,,,
Tetraodontidae,12,,,,
Trachichthyidae,1,,,,
Trichiuridae,1,,,,
Triglidae,3,,,,
Tripterygiidae,1,,,,
Uranoscopidae,1,,,,
Xiphiidae,1,,,,
Zanclidae,1,,,,
(blank),,,,,
Grand Total,446,,,,