﻿Class,Order,Family,Genus,species_SFTEP,speciesNames_Phylogeny,GalapagosConfirmed_SFTEP,TEP_Oceanic_Islands_Only,Galapagos_Only,Reef_associated,TEP_endemic,comments
Actinopterygii,Beloniformes,Belonidae,Ablennes,Ablennes hians,Ablennes_hians,1,0,0,0,0,circumtropical
Actinopterygii,Perciformes,Pomacentridae,Abudefduf,Abudefduf concolor,Abudefduf_concolor,1,0,0,1,1,
Actinopterygii,Perciformes,Pomacentridae,Abudefduf,Abudefduf troschelii,Abudefduf_troschelii,1,0,0,1,1,
Actinopterygii,Perciformes,Chaenopsidae,Acanthemblemaria,Acanthemblemaria castroi,Acanthemblemaria_castroi,1,1,1,1,1,
Actinopterygii,Perciformes,Scombridae,Acanthocybium,Acanthocybium solandri,Acanthocybium_solandri,1,0,0,0,0,transpacific
Actinopterygii,Perciformes,Acanthuridae,Acanthurus,Acanthurus nigricans,Acanthurus_nigricans,1,0,0,1,0,
Actinopterygii,Perciformes,Acanthuridae,Acanthurus,Acanthurus triostegus triostegus,Acanthurus_triostegus,1,0,0,1,0,
Actinopterygii,Perciformes,Acanthuridae,Acanthurus,Acanthurus xanthopterus,Acanthurus_xanthopterus,1,0,0,1,0,
Actinopterygii,Pleuronectiformes,Achiridae,Achirus,Achirus klunzingeri,Achirus_klunzingeri,1,0,0,0,1,
Actinopterygii,Mugiliformes,Mugilidae,Agonostomus,Agonostomus monticola,Agonostomus_monticola,1,0,0,1,0,Transisthmian 
Actinopterygii,Albuliformes,Albulidae,Albula,Albula esuncula,Albula_esuncula,1,0,0,0,1,
Actinopterygii,Perciformes,Carangidae,Alectis,Alectis ciliaris,Alectis_ciliaris,1,0,0,1,0,Transisthmian 
Actinopterygii,Perciformes,Serranidae,Alphestes,Alphestes immaculatus,Alphestes_immaculatus,1,0,0,1,1,
Actinopterygii,Perciformes,Serranidae,Alphestes,Alphestes multiguttatus,Alphestes_multiguttatus,1,0,0,1,1,
Actinopterygii,Tetraodontiformes,Monacanthidae,Aluterus,Aluterus scriptus,Aluterus_scriptus,1,0,0,1,0,transpacific
Actinopterygii,Perciformes,Ammodytidae,Ammodytoides,Ammodytoides gilli,Ammodytoides_gilli,1,0,0,1,1,
Actinopterygii,Anguilliformes,Muraenidae,Anarchias,Anarchias galapagensis,Anarchias_galapagensis,1,0,0,1,1,
Actinopterygii,Clupeiformes,Engraulidae,Anchoa,Anchoa argentivittata,Anchoa_argentivittata,1,0,0,0,1,
Actinopterygii,Clupeiformes,Engraulidae,Anchoa,Anchoa ischana,Anchoa_ischana,1,0,0,0,1,
Actinopterygii,Anguilliformes,Anguillidae,Anguilla,Anguilla marmorata,Anguilla_marmorata,1,0,0,1,0,
Actinopterygii,Perciformes,Haemulidae,Anisotremus,Anisotremus interruptus,Anisotremus_interruptus,1,0,0,1,1,
Actinopterygii,Lophiiformes,Antennariidae,Antennarius,Antennarius avalonis,Fowlerichthys_avalonis,1,0,0,1,1,
Actinopterygii,Lophiiformes,Antennariidae,Antennarius,Antennarius coccineus,Antennatus_coccineus,0,0,0,1,0,
Actinopterygii,Lophiiformes,Antennariidae,Antennarius,Antennarius sanguineus,Antennatus_sanguineus,1,0,0,1,1,
Actinopterygii,Lophiiformes,Antennariidae,Antennatus,Antennatus strigatus,Antennatus_strigatus,1,0,0,1,1,
Actinopterygii,Perciformes,Serranidae,Anthias,Anthias noeli,Anthias_noeli,1,0,0,1,1,possibly recolonized continent?
Actinopterygii,Perciformes,Apogonidae,Apogon,Apogon atradorsatus,Apogon_atradorsatus,1,0,0,1,1,
Actinopterygii,Perciformes,Apogonidae,Apogon,Apogon dovii,Apogon_dovii,1,0,0,1,1,
Actinopterygii,Perciformes,Apogonidae,Apogon,Apogon pacificus,Apogon_pacificus,1,0,0,1,1,
Actinopterygii,Anguilliformes,Ophichthidae,Apterichtus,Apterichtus equatorialis,Apterichtus_equatorialis,1,0,0,1,1,
Actinopterygii,Perciformes,Sparidae,Archosargus,Archosargus pourtalesii,Archosargus_pourtalesii,1,1,1,1,1,
Actinopterygii,Perciformes,Gobiesocidae,Arcos,Arcos poecilophthalmos,Arcos_poecilophthalmos,1,1,?,1,1,galapagos & cocos island
Actinopterygii,Perciformes,Gobiesocidae,Arcos,Arcos rhodospilus,Arcos_rhodospilus,1,0,0,1,1,
Actinopterygii,Anguilliformes,Congridae,Ariosoma,Ariosoma gilberti,Ariosoma_gilberti,1,0,0,1,1,
Actinopterygii,Tetraodontiformes,Tetraodontidae,Arothron,Arothron hispidus,Arothron_hispidus,1,0,0,1,0,
Actinopterygii,Tetraodontiformes,Tetraodontidae,Arothron,Arothron meleagris,Arothron_meleagris,1,0,0,1,0,
Actinopterygii,Tetraodontiformes,Tetraodontidae,Arothron,Arothron nigropunctatus,Arothron_nigropunctatus,1,0,0,1,0,
Actinopterygii,Pleuronectiformes,Soleidae,Aseraggodes,Aseraggodes herrei,Aseraggodes_herrei,1,1,0,0,1,
Actinopterygii,Atheriniformes,Atherinopsidae,Atherinella,Atherinella nesiotes,Atherinella_nesiotes,1,1,1,0,1,
Actinopterygii,Aulopiformes,Aulopidae,Aulopus,Aulopus bajacali,Aulopus_bajacali,1,0,0,0,1,
Actinopterygii,Syngnathiformes,Aulostomidae,Aulostomus,Aulostomus chinensis,Aulostomus_chinensis,1,0,0,1,0,
Actinopterygii,Perciformes,Scombridae,Auxis,Auxis rochei eudorax,Auxis_rochei_eudorax,1,0,0,0,1,
Actinopterygii,Perciformes,Scombridae,Auxis,Auxis thazard brachydorax,Auxis_thazard_brachydorax,1,0,0,0,1,
Actinopterygii,Perciformes,Pomacentridae,Azurina,Azurina eupalama,Azurina_eupalama,1,1,1,1,1,possibly extinct after 1982-83 ninho event
Actinopterygii,Tetraodontiformes,Balistidae,Balistes,Balistes polylepis,Balistes_polylepis,1,0,0,1,1,
Actinopterygii,Perciformes,Gobiidae,Bathygobius,Bathygobius lineatus,Bathygobius_lineatus,1,1,1,1,1,
Actinopterygii,Scorpaeniformes,Triglidae,Bellator,Bellator farrago,Bellator_farrago,1,1,0,0,1,galapagos and cocos island
Actinopterygii,Perciformes,Labridae,Bodianus,Bodianus diplotaenia,Bodianus_diplotaenia,1,0,0,1,1,
Actinopterygii,Perciformes,Labridae,Bodianus,Bodianus eclancheri,Bodianus_eclancheri,1,0,0,1,0,
Actinopterygii,Perciformes,Gobiidae,Bollmannia,Bollmannia macropoma,Bollmannia_macropoma,0,0,0,0,1,
Actinopterygii,Pleuronectiformes,Bothidae,Bothus,Bothus leopardinus,Bothus_leopardinus,1,0,0,1,1,
Actinopterygii,Pleuronectiformes,Bothidae,Bothus,Bothus mancus,Bothus_mancus,1,0,0,1,0,
Actinopterygii,Perciformes,Bramidae,Brama,Brama dussumieri,Brama_dussumieri,1,0,0,0,0,
Actinopterygii,Perciformes,Bramidae,Brama,Brama japonica,Brama_japonica,0,0,0,0,0,
Actinopterygii,Gadiformes,Bregmacerotidae,Bregmaceros,Bregmaceros bathymaster,Bregmaceros_bathymaster,1,0,0,0,1,
Actinopterygii,Ophidiiformes,Ophidiidae,Brotula,Brotula ordwayi,Brotula_ordwayi,1,0,0,1,1,
Actinopterygii,Syngnathiformes,Syngnathidae,Bryx,Bryx veleronis,Bryx_veleronis,1,0,0,1,1,
Actinopterygii,Ophidiiformes,Bythitidae,Calamopteryx,Calamopteryx jeb,Calamopteryx_jeb,1,1,1,1,1,
Actinopterygii,Perciformes,Sparidae,Calamus,Calamus brachysomus,Calamus_brachysomus,1,0,0,1,1,
Actinopterygii,Perciformes,Sparidae,Calamus,Calamus taurinus,Calamus_taurinus,1,0,0,1,1,
Actinopterygii,Anguilliformes,Ophichthidae,Callechelys,Callechelys galapagensis,Callechelys_galapagensis,1,1,1,1,1,
Actinopterygii,Perciformes,Scaridae,Calotomus,Calotomus carolinus,Calotomus_carolinus,1,0,0,1,0,
Actinopterygii,Tetraodontiformes,Monacanthidae,Cantherhines,Cantherhines dumerilii,Cantherhines_dumerilii,1,0,0,1,0,
Actinopterygii,Tetraodontiformes,Balistidae,Canthidermis,Canthidermis maculata,Canthidermis_maculata,1,0,0,1,0,
Actinopterygii,Tetraodontiformes,Tetraodontidae,Canthigaster,Canthigaster amboinensis,Canthigaster_amboinensis,1,0,0,1,0,
Actinopterygii,Tetraodontiformes,Tetraodontidae,Canthigaster,Canthigaster janthinoptera,Canthigaster_janthinoptera,1,0,0,1,0,
Actinopterygii,Tetraodontiformes,Tetraodontidae,Canthigaster,Canthigaster punctatissima,Canthigaster_punctatissima,1,0,0,1,1,
Actinopterygii,Tetraodontiformes,Tetraodontidae,Canthigaster,Canthigaster valentini,Canthigaster_valentini,1,0,0,1,0,
Actinopterygii,Perciformes,Carangidae,Carangoides,Carangoides orthogrammus,Carangoides_orthogrammus,1,0,0,1,0,
Actinopterygii,Perciformes,Carangidae,Carangoides,Carangoides otrynter,Carangoides_otrynter,1,0,0,0,1,
Actinopterygii,Perciformes,Carangidae,Caranx,Caranx caballus,Caranx_caballus,1,0,0,0,1,
Actinopterygii,Perciformes,Carangidae,Caranx,Caranx caninus,Caranx_caninus,1,0,0,0,1,
Actinopterygii,Perciformes,Carangidae,Caranx,Caranx lugubris,Caranx_lugubris,1,0,0,1,0,
Actinopterygii,Perciformes,Carangidae,Caranx,Caranx melampygus,Caranx_melampygus,1,0,0,1,0,
Actinopterygii,Perciformes,Carangidae,Caranx,Caranx sexfasciatus,Caranx_sexfasciatus,1,0,0,1,0,
Actinopterygii,Perciformes,Malacanthidae,Caulolatilus,Caulolatilus affinis,Caulolatilus_affinis,1,0,0,1,1,
Actinopterygii,Perciformes,Malacanthidae,Caulolatilus,Caulolatilus hubbsi,Caulolatilus_hubbsi,1,0,0,1,1,
Actinopterygii,Perciformes,Malacanthidae,Caulolatilus,Caulolatilus princeps,Caulolatilus_princeps,1,0,0,1,1,
Actinopterygii,Perciformes,Centropomidae,Centropomus,Centropomus viridis,Centropomus_viridis,1,0,0,0,1,
Actinopterygii,Perciformes,Serranidae,Cephalopholis,Cephalopholis colonus,Paranthias_colonus,1,0,0,1,1,
Actinopterygii,Perciformes,Serranidae,Cephalopholis,Cephalopholis panamensis,Cephalopholis_panamensis,1,0,0,1,1,
Actinopterygii,Clupeiformes,Engraulidae,Cetengraulis,Cetengraulis mysticetus,Cetengraulis_mysticetus,1,0,0,0,1,
Actinopterygii,Perciformes,Chaenopsidae,Chaenopsis,Chaenopsis schmitti,Chaenopsis_schmitti,1,1,1,1,1,
Actinopterygii,Mugiliformes,Mugilidae,Chaenomugil,Chaenomugil proboscideus,Chaenomugil_proboscideus,1,0,0,1,1,
Actinopterygii,Perciformes,Chaetodontidae,Chaetodon,Chaetodon auriga,Chaetodon_auriga,1,1,0,1,0,vagrant
Actinopterygii,Perciformes,Chaetodontidae,Chaetodon,Chaetodon humeralis,Chaetodon_humeralis,1,0,0,1,1,
Actinopterygii,Perciformes,Chaetodontidae,Chaetodon,Chaetodon kleinii,Chaetodon_kleinii,1,1,0,1,0,vagrant
Actinopterygii,Perciformes,Chaetodontidae,Chaetodon,Chaetodon lunula,Chaetodon_lunula,1,1,0,1,0,vagrant
Actinopterygii,Perciformes,Chaetodontidae,Chaetodon,Chaetodon meyeri,Chaetodon_meyeri,1,1,0,1,0,vagrant
Actinopterygii,Perciformes,Chaetodontidae,Chaetodon,Chaetodon unimaculatus,Chaetodon_unimaculatus,1,1,0,1,0,
Actinopterygii,Gonorynchiformes,Chanidae,Chanos,Chanos chanos,Chanos_chanos,1,0,0,1,0,
Actinopterygii,Beloniformes,Exocoetidae,Cheilopogon,Cheilopogon atrisignis,Cheilopogon_atrisignis,1,1,0,0,0,
Actinopterygii,Beloniformes,Exocoetidae,Cheilopogon,Cheilopogon dorsomacula,Cheilopogon_dorsomacula,1,0,0,0,0,
Actinopterygii,Beloniformes,Exocoetidae,Cheilopogon,Cheilopogon spilonotopterus,Cheilopogon_spilonotopterus,1,1,0,0,0,
Actinopterygii,Beloniformes,Exocoetidae,Cheilopogon,Cheilopogon xenopterus,Cheilopogon_xenopterus,1,0,0,0,0,
Actinopterygii,Anguilliformes,Congridae,Chiloconger,Chiloconger dentatus,Chiloconger_dentatus,1,0,0,0,1,
Actinopterygii,Tetraodontiformes,Diodontidae,Chilomycterus,Chilomycterus reticulatus,Chilomycterus_reticulatus,1,0,0,1,0,
Actinopterygii,Anguilliformes,Chlopsidae,Chlopsis,Chlopsis bicollaris,Chlopsis_bicollaris,1,1,1,0,1,
Actinopterygii,Aulopiformes,Chlorophthalmidae,Chlorophthalmus,Chlorophthalmus mento,Chlorophthalmus_mento,1,0,0,0,1,
Actinopterygii,Perciformes,Carangidae,Chloroscombrus,Chloroscombrus orqueta,Chloroscombrus_orqueta,1,0,0,0,1,
Actinopterygii,Perciformes,Gobiidae,Chriolepis,Chriolepis tagus,Chriolepis_tagus,1,1,1,1,1,known from a single specimen collected at Galapagos
Actinopterygii,Perciformes,Pomacentridae,Chromis,Chromis alta,Chromis_alta,1,0,0,1,1,
Actinopterygii,Perciformes,Pomacentridae,Chromis,Chromis atrilobata,Chromis_atrilobata,1,0,0,1,1,
Actinopterygii,Perciformes,Sciaenidae,Cilus,Cilus gilberti,Cilus_gilberti,1,0,0,0,0,
Actinopterygii,Perciformes,Cirrhitidae,Cirrhitichthys,Cirrhitichthys oxycephalus,Cirrhitichthys_oxycephalus,1,0,0,1,0,
Actinopterygii,Perciformes,Cirrhitidae,Cirrhitus,Cirrhitus rivulatus,Cirrhitus_rivulatus,1,0,0,1,1,
Actinopterygii,Pleuronectiformes,Paralichthyidae,Citharichthys,Citharichthys darwini,Citharichthys_darwini,1,1,1,0,1,
Actinopterygii,Pleuronectiformes,Paralichthyidae,Citharichthys,Citharichthys gnathus,Citharichthys_gnathus,1,0,0,0,1,only galapagos and Colombia
Actinopterygii,Perciformes,Microdesmidae,Clarkichthys,Clarkichthys bilineatus,Clarkichthys_bilineatus,1,0,0,1,1,
Actinopterygii,Beloniformes,Scomberosocidae,Cololabis,Cololabis adocetus,Cololabis_adocetus,1,0,0,0,0,
Actinopterygii,Perciformes,Sciaenidae,Corvula,Corvula macrops,Corvula_macrops,1,0,0,1,1,
Actinopterygii,Perciformes,Coryphaenidae,Coryphaena,Coryphaena equiselis,Coryphaena_equiselis,1,0,0,0,0,
Actinopterygii,Perciformes,Coryphaenidae,Coryphaena,Coryphaena hippurus,Coryphaena_hippurus,1,0,0,0,0,
Actinopterygii,Perciformes,Gobiidae,Coryphopterus,Coryphopterus urospilus,Coryphopterus_urospilus,1,0,0,1,1,
Actinopterygii,Syngnathiformes,Syngnathidae,Cosmocampus,Cosmocampus arctus,Cosmocampus_arctus_arctus,1,0,0,1,1,
Actinopterygii,Perciformes,Labrisomidae,Cottoclinus,Cottoclinus canops,Cottoclinus_canops,1,1,1,1,1,known from 2 speciments collected at Galapagos
Actinopterygii,Perciformes,Serranidae,Cratinus,Cratinus agassizii,Cratinus_agassizii,1,0,0,1,0,
Actinopterygii,Perciformes,Nomeidae,Cubiceps,Cubiceps pauciradiatus,Cubiceps_pauciradiatus,1,0,0,0,0,
Actinopterygii,Tetraodontiformes,Diodontidae,Cyclichthys,Cyclichthys spilostylus,Cyclichthys_spilostylus,1,0,0,1,0,
Actinopterygii,Perciformes,Sciaenidae,Cynoscion,Cynoscion phoxocephalus,Cynoscion_phoxocephalus,1,0,0,0,1,
Actinopterygii,Beloniformes,Exocoetidae,Cypselurus,Cypselurus angusticeps,Cypselurus_angusticeps,1,0,0,0,0,
Actinopterygii,Beloniformes,Exocoetidae,Cypselurus,Cypselurus callopterus,Cypselurus_callopterus,1,0,0,0,1,
Actinopterygii,Perciformes,Dactyloscopidae,Dactyloscopus,Dactyloscopus lacteus,Dactyloscopus_lacteus,1,1,?,0,1,Galapagos and Cocos island
Actinopterygii,Perciformes,Carangidae,Decapterus,Decapterus macarellus,Decapterus_macarellus,1,0,0,0,0,
Actinopterygii,Perciformes,Carangidae,Decapterus,Decapterus macrosoma,Decapterus_macrosoma,1,0,0,0,0,
Actinopterygii,Perciformes,Carangidae,Decapterus,Decapterus muroadsi,Decapterus_muroadsi,1,0,0,0,0,
Actinopterygii,Perciformes,Labridae,Decodon,Decodon melasma,Decodon_melasma,1,0,0,1,1,
Actinopterygii,Perciformes,Serranidae,Dermatolepis,Dermatolepis dermatolepis,Dermatolepis_dermatolepis,1,0,0,1,1,
Actinopterygii,Perciformes,Labrisomidae,Dialommus,Dialommus fuscus,Dialommus_fuscus,1,1,?,1,1,Galapagos and Cocos island
Actinopterygii,Perciformes,Gerreidae,Diapterus,Diapterus brevirostris,Diapterus_brevirostris,1,0,0,0,1,
Actinopterygii,Tetraodontiformes,Diodontidae,Diodon,Diodon eydouxii,Diodon_eydouxii,1,0,0,0,0,
Actinopterygii,Tetraodontiformes,Diodontidae,Diodon,Diodon holocanthus,Diodon_holocanthus,1,0,0,1,0,
Actinopterygii,Tetraodontiformes,Diodontidae,Diodon,Diodon hystrix,Diodon_hystrix,1,0,0,1,0,
Actinopterygii,Perciformes,Serranidae,Diplectrum,Diplectrum eumelum,Diplectrum_eumelum,1,0,0,0,1,
Actinopterygii,Perciformes,Serranidae,Diplectrum,Diplectrum euryplectrum,Diplectrum_euryplectrum,1,0,0,0,1,
Actinopterygii,Perciformes,Serranidae,Diplectrum,Diplectrum macropoma,Diplectrum_macropoma,1,0,0,0,1,
Actinopterygii,Perciformes,Serranidae,Diplectrum,Diplectrum rostrum,Diplectrum_rostrum,1,0,0,0,1,
Actinopterygii,Perciformes,Eleotridae,Dormitator,Dormitator latifrons,Dormitator_latifrons,1,0,0,0,1,
Actinopterygii,Syngnathiformes,Syngnathidae,Doryrhamphus,Doryrhamphus excisus,Doryrhamphus_excisus_excisus,1,0,0,1,0,
Actinopterygii,Perciformes,Echeneidae,Echeneis,Echeneis naucrates,Echeneis_naucrates,1,0,0,1,0,
Actinopterygii,Anguilliformes,Muraenidae,Echidna,Echidna nebulosa,Echidna_nebulosa,1,0,0,1,0,
Actinopterygii,Anguilliformes,Muraenidae,Echidna,Echidna nocturna,Echidna_nocturna,1,0,0,1,1,
Actinopterygii,Ophidiiformes,Carapidae,Echiodon,Echiodon exsilium,Echiodon_exsilium,1,0,0,0,1,
Actinopterygii,Scorpaeniformes,Scorpaenidae,Ectreposebastes,Ectreposebastes imus,Ectreposebastes_imus,1,1,0,0,0,
Actinopterygii,Perciformes,Carangidae,Elagatis,Elagatis bipinnulata,Elagatis_bipinnulata,1,0,0,1,0,
Actinopterygii,Perciformes,Gobiidae,Eleotrica,Eleotrica cableae,Eleotrica_cableae,1,1,1,1,1,
Actinopterygii,Perciformes,Eleotridae,Eleotris,Eleotris picta,Eleotris_picta,1,0,0,0,1,
Actinopterygii,Ophidiiformes,Carapidae,Encheliophis,Encheliophis vermicularis,Encheliophis_vermicularis,1,0,0,0,0,
Actinopterygii,Anguilliformes,Muraenidae,Enchelycore,Enchelycore lichenosa,Enchelycore_lichenosa,1,0,0,1,0,
Actinopterygii,Anguilliformes,Muraenidae,Enchelycore,Enchelycore octaviana,Enchelycore_octaviana,1,0,0,1,1,
Actinopterygii,Clupeiformes,Engraulidae,Engraulis,Engraulis ringens,Engraulis_ringens,1,0,0,0,0,
Actinopterygii,Perciformes,Blenniidae,Entomacrodus,Entomacrodus chiostictus,Entomacrodus_chiostictus,1,0,0,1,1,
Actinopterygii,Perciformes,Serranidae,Epinephelus,Epinephelus analogus,Epinephelus_analogus,1,0,0,1,1,
Actinopterygii,Perciformes,Serranidae,Epinephelus,Epinephelus cifuentesi,Epinephelus_cifuentesi,1,0,0,1,1,
Actinopterygii,Perciformes,Serranidae,Epinephelus,Epinephelus labriformis,Epinephelus_labriformis,1,0,0,1,1,
Actinopterygii,Pleuronectiformes,Paralichthyidae,Etropus,Etropus crossotus,Etropus_crossotus,1,0,0,0,0,
Actinopterygii,Clupeiformes,Clupeidae,Etrumeus,Etrumeus acuminatus,Etrumeus_acuminatus,1,0,0,0,1,
Actinopterygii,Perciformes,Gerreidae,Eucinostomus,Eucinostomus currani,Eucinostomus_currani,1,0,0,0,1,
Actinopterygii,Perciformes,Gerreidae,Eucinostomus,Eucinostomus dowii,Eucinostomus_dowii,1,0,0,0,1,
Actinopterygii,Perciformes,Gerreidae,Eucinostomus,Eucinostomus gracilis,Eucinostomus_gracilis,1,0,0,0,1,
Actinopterygii,Perciformes,Gerreidae,Eugerres,Eugerres lineatus,Eugerres_lineatus,1,0,0,0,1,
Actinopterygii,Beloniformes,Hemiramphidae,Euleptorhamphus,Euleptorhamphus viridis,Euleptorhamphus_viridis,1,0,0,0,0,
Actinopterygii,Perciformes,Scombridae,Euthynnus,Euthynnus lineatus,Euthynnus_lineatus,1,0,0,0,1,
Actinopterygii,Beloniformes,Exocoetidae,Exocoetus,Exocoetus monocirrhus,Exocoetus_monocirrhus,1,0,0,0,0,
Actinopterygii,Beloniformes,Exocoetidae,Exocoetus,Exocoetus volitans,Exocoetus_volitans,1,0,0,0,0,
Actinopterygii,Syngnathiformes,Fistulariidae,Fistularia,Fistularia commersonii,Fistularia_commersonii,1,0,0,1,0,
Actinopterygii,Syngnathiformes,Fistulariidae,Fistularia,Fistularia corneta,Fistularia_corneta,1,0,0,0,1,
Actinopterygii,Beloniformes,Exocoetidae,Fodiator,Fodiator rostratus,Fodiator_rostratus,1,0,0,0,1,
Actinopterygii,Perciformes,Chaetodontidae,Forcipiger,Forcipiger flavissimus,Forcipiger_flavissimus,1,0,0,1,0,
Actinopterygii,Perciformes,Gempylidae,Gempylus,Gempylus serpens,Gempylus_serpens,1,0,0,0,0,
Actinopterygii,Perciformes,Haemulidae,Genyatremus,Genyatremus scapularis,Anisotremus_scapularis,1,0,0,1,0,
Actinopterygii,Perciformes,Gerreidae,Gerres,Gerres simillimus,Gerres_simillimus,1,0,0,1,1,
Actinopterygii,Perciformes,Dactyloscopidae,Gillellus,Gillellus semicinctus,Gillellus_semicinctus,1,0,0,0,1,
Actinopterygii,Perciformes,Kyphosidae,Girella,Girella freminvillii,Girella_freminvillii,1,1,1,1,1,
Actinopterygii,Anguilliformes,Congridae,Gnathophis,Gnathophis cinctus,Gnathophis_cinctus,1,0,0,0,1,
Actinopterygii,Perciformes,Eleotridae,Gobiomorus,Gobiomorus maculatus,Gobiomorus_maculatus,1,0,0,0,1,
Actinopterygii,Ophidiiformes,Bythitidae,Grammonus,Grammonus diagrammus,Grammonus_diagrammus,1,0,0,1,1,
Actinopterygii,Anguilliformes,Muraenidae,Gymnomuraena,Gymnomuraena zebra,Gymnomuraena_zebra,1,0,0,1,0,
Actinopterygii,Anguilliformes,Muraenidae,Gymnothorax,Gymnothorax angusticeps,Gymnothorax_angusticeps,1,0,0,1,1,
Actinopterygii,Anguilliformes,Muraenidae,Gymnothorax,Gymnothorax buroensis,Gymnothorax_buroensis,1,0,0,1,0,
Actinopterygii,Anguilliformes,Muraenidae,Gymnothorax,Gymnothorax castaneus,Gymnothorax_castaneus,1,0,0,1,1,
Actinopterygii,Anguilliformes,Muraenidae,Gymnothorax,Gymnothorax dovii,Gymnothorax_dovii,1,0,0,1,1,
Actinopterygii,Anguilliformes,Muraenidae,Gymnothorax,Gymnothorax flavimarginatus,Gymnothorax_flavimarginatus,1,0,0,1,0,
Actinopterygii,Anguilliformes,Muraenidae,Gymnothorax,Gymnothorax javanicus,Gymnothorax_javanicus,1,0,0,1,0,
Actinopterygii,Anguilliformes,Muraenidae,Gymnothorax,Gymnothorax meleagris,Gymnothorax_meleagris,1,0,0,1,0,
Actinopterygii,Anguilliformes,Muraenidae,Gymnothorax,Gymnothorax panamensis,Gymnothorax_panamensis,1,0,0,1,1,
Actinopterygii,Anguilliformes,Muraenidae,Gymnothorax,Gymnothorax pictus,Gymnothorax_pictus,1,0,0,1,0,
Actinopterygii,Perciformes,Haemulidae,Haemulon,Haemulon maculicauda,Haemulon_maculicauda,1,0,0,1,1,
Actinopterygii,Perciformes,Haemulidae,Haemulon,Haemulon scudderii,Haemulon_scudderii,1,0,0,1,1,
Actinopterygii,Perciformes,Haemulidae,Haemulon,Haemulon sexfasciatum,Haemulon_sexfasciatum,1,0,0,1,1,
Actinopterygii,Perciformes,Labridae,Halichoeres,Halichoeres adustus,Halichoeres_adustus,1,0,0,1,1,
Actinopterygii,Perciformes,Labridae,Halichoeres,Halichoeres chierchiae,Halichoeres_chierchiae,1,0,0,1,1,
Actinopterygii,Perciformes,Labridae,Halichoeres,Halichoeres dispilus,Halichoeres_dispilus,1,0,0,1,1,
Actinopterygii,Perciformes,Labridae,Halichoeres,Halichoeres melanotis,Halichoeres_melanotis,1,0,0,1,1,
Actinopterygii,Perciformes,Labridae,Halichoeres,Halichoeres nicholsi,Halichoeres_nicholsi,1,0,0,1,1,
Actinopterygii,Perciformes,Labridae,Halichoeres,Halichoeres notospilus,Halichoeres_notospilus,1,0,0,1,1,
Actinopterygii,Clupeiformes,Clupeidae,Harengula,Harengula thrissina,Harengula_thrissina,1,0,0,0,1,
Actinopterygii,Perciformes,Serranidae,Hemanthias,Hemanthias peruanus,Hemanthias_peruanus,1,0,0,1,1,
Actinopterygii,Perciformes,Serranidae,Hemilutjanus,Hemilutjanus macrophthalmos,Hemilutjanus_macrophthalmos,1,0,0,1,0,
Actinopterygii,Beloniformes,Hemiramphidae,Hemiramphus,Hemiramphus saltator,Hemiramphus_saltator,1,0,0,0,1,
Actinopterygii,Anguilliformes,Ophichthidae,Herpetoichthys,Herpetoichthys fossatus,Herpetoichthys_fossatus,1,0,0,0,1,
Actinopterygii,Anguilliformes,Congridae,Heteroconger,Heteroconger klausewitzi,Heteroconger_klausewitzi,1,0,0,1,1,
Actinopterygii,Perciformes,Priacanthidae,Heteropriacanthus,Heteropriacanthus cruentatus,Heteropriacanthus_cruentatus,1,0,0,1,0,
Actinopterygii,Syngnathiformes,Syngnathidae,Hippocampus,Hippocampus ingens,Hippocampus_ingens,1,0,0,1,1,
Actinopterygii,Pleuronectiformes,Paralichthyidae,Hippoglossina,Hippoglossina bollmani,Hippoglossina_bollmani,1,0,0,0,1,
Actinopterygii,Beloniformes,Exocoetidae,Hirundichthys,Hirundichthys marginatus,Hirundichthys_marginatus,1,0,0,0,1,
Actinopterygii,Beloniformes,Exocoetidae,Hirundichthys,Hirundichthys rondeletii,Hirundichthys_rondeletii,1,0,0,0,0,
Actinopterygii,Beloniformes,Exocoetidae,Hirundichthys,Hirundichthys speculiger,Hirundichthys_speculiger,1,0,0,0,0,
Actinopterygii,Perciformes,Pomacanthidae,Holacanthus,Holacanthus passer,Holacanthus_passer,1,0,0,1,1,
Actinopterygii,Perciformes,Lutjanidae,Hoplopagrus,Hoplopagrus guentherii,Hoplopagrus_guentherii,1,0,0,1,1,
Actinopterygii,beryciformes,Trachichthyidae,Hoplostethus,Hoplostethus pacificus,Hoplostethus_pacificus,1,0,0,1,0,
Actinopterygii,Beloniformes,Hemiramphidae,Hyporhamphus,Hyporhamphus gilli,Hyporhamphus_gilli,1,0,0,0,1,
Actinopterygii,Beloniformes,Hemiramphidae,Hyporhamphus,Hyporhamphus naos,Hyporhamphus_naos,1,0,0,0,1,
Actinopterygii,Perciformes,Serranidae,Hyporthodus,Hyporthodus mystacinus,Hyporthodus_mystacinus,1,1,0,1,0,galapagos and cocos island
Actinopterygii,Perciformes,Serranidae,Hyporthodus,Hyporthodus niphobles,Hyporthodus_niphobles,1,0,0,1,1,
Actinopterygii,Perciformes,Blenniidae,Hypsoblennius,Hypsoblennius brevipinnis,Hypsoblennius_brevipinnis,1,0,0,1,1,
Actinopterygii,Anguilliformes,Ophichthidae,Ichthyapus,Ichthyapus selachops,Ichthyapus_selachops,1,0,0,0,1,
Actinopterygii,Scorpaeniformes,Scorpaenidae,Idiastion,Idiastion hageyi,Idiastion_hageyi,1,1,1,1,1,
Actinopterygii,Perciformes,Labridae,Iniistius,Iniistius pavo,Iniistius_pavo,1,0,0,1,0,
Actinopterygii,Perciformes,Istiophoridae,Istiompax,Istiompax indica,Istiompax_indica,1,0,0,0,0,
Actinopterygii,Perciformes,Istiophoridae,Istiophorus,Istiophorus platypterus,Istiophorus_platypterus,1,0,0,0,0,
Actinopterygii,Perciformes,Chaetodontidae,Johnrandallia,Johnrandallia nigrirostris,Johnrandallia_nigrirostris,1,0,0,1,1,
Actinopterygii,Perciformes,Istiophoridae,Kajikia,Kajikia audax,Kajikia_audax,1,0,0,0,0,
Actinopterygii,Perciformes,Uranoscopidae,Kathetostoma,Kathetostoma averruncus,Kathetostoma_averruncus,1,0,0,0,1,
Actinopterygii,Perciformes,Scombridae,Katsuwonus,Katsuwonus pelamis,Katsuwonus_pelamis,1,0,0,0,0,
Actinopterygii,Perciformes,Kuhliidae,Kuhlia,Kuhlia mugil,Kuhlia_mugil,1,0,0,1,0,
Actinopterygii,Perciformes,Kyphosidae,Kyphosus,Kyphosus elegans,Kyphosus_elegans,1,0,0,1,1,
Actinopterygii,Perciformes,Kyphosidae,Kyphosus,Kyphosus ocyurus,Sectator_ocyurus,1,0,0,1,0,
Actinopterygii,Perciformes,Kyphosidae,Kyphosus,Kyphosus vaigiensis,Kyphosus_vaigiensis,1,0,0,1,0,
Actinopterygii,Perciformes,Labrisomidae,Labrisomus,Labrisomus dendriticus,Labrisomus_dendriticus,1,1,?,1,1,Galapagos and Malpelo Island
Actinopterygii,Perciformes,Labrisomidae,Labrisomus,Labrisomus jenkinsi,Labrisomus_jenkinsi,1,1,1,1,1,
Actinopterygii,Perciformes,Labrisomidae,Labrisomus,Labrisomus multiporosus,Labrisomus_multiporosus,1,0,0,1,1,
Actinopterygii,Tetraodontiformes,Tetraodontidae,Lagocephalus,Lagocephalus lagocephalus,Lagocephalus_lagocephalus_lagocephalus,1,0,0,0,0,
Actinopterygii,Perciformes,Sciaenidae,Larimus,Larimus pacificus,Larimus_pacificus,1,0,0,0,1,
Actinopterygii,Perciformes,Gempylidae,Lepidocybium,Lepidocybium flavobrunneum,Lepidocybium_flavobrunneum,0,0,0,0,0,
Actinopterygii,Perciformes,Tripterygiidae,Lepidonectes,Lepidonectes corallicola,Lepidonectes_corallicola,1,1,1,1,1,
Actinopterygii,Ophidiiformes,Ophidiidae,Lepophidium,Lepophidium pardale,Lepophidium_pardale,1,0,0,0,1,
Actinopterygii,Clupeiformes,Clupeidae,Lile,Lile stolifera,Lile_stolifera,1,0,0,0,1,
Actinopterygii,Perciformes,Serranidae,Liopropoma,Liopropoma fasciatum,Liopropoma_fasciatum,1,0,0,1,1,
Actinopterygii,Perciformes,Serranidae,Liopropoma,Liopropoma longilepis,Liopropoma_longilepis,1,0,0,1,1,
Actinopterygii,Lophiiformes,Lophiidae,Lophiodes,Lophiodes spilurus,Lophiodes_spilurus,1,0,0,0,1,
Actinopterygii,Perciformes,Lutjanidae,Lutjanus,Lutjanus aratus,Lutjanus_aratus,1,0,0,1,1,
Actinopterygii,Perciformes,Lutjanidae,Lutjanus,Lutjanus argentiventris,Lutjanus_argentiventris,1,0,0,1,1,
Actinopterygii,Perciformes,Lutjanidae,Lutjanus,Lutjanus guttatus,Lutjanus_guttatus,1,0,0,1,1,
Actinopterygii,Perciformes,Lutjanidae,Lutjanus,Lutjanus jordani,Lutjanus_jordani,1,0,0,1,1,
Actinopterygii,Perciformes,Lutjanidae,Lutjanus,Lutjanus novemfasciatus,Lutjanus_novemfasciatus,1,0,0,1,1,
Actinopterygii,Perciformes,Lutjanidae,Lutjanus,Lutjanus viridis,Lutjanus_viridis,1,0,0,1,1,
Actinopterygii,Perciformes,Luvaridae,Luvarus,Luvarus imperialis,Luvarus_imperialis,0,0,0,0,0,
Actinopterygii,Perciformes,Gobiidae,Lythrypnus,Lythrypnus dalli,Lythrypnus_dalli,1,0,0,1,1,
Actinopterygii,Perciformes,Gobiidae,Lythrypnus,Lythrypnus gilberti,Lythrypnus_gilberti,1,1,1,1,1,
Actinopterygii,Perciformes,Gobiidae,Lythrypnus,Lythrypnus rhizophora,Lythrypnus_rhizophora,1,0,0,1,1,
Actinopterygii,Perciformes,Istiophoridae,Makaira,Makaira nigricans,Makaira_nigricans,1,0,0,0,0,
Actinopterygii,Perciformes,Malacanthidae,Malacanthus,Malacanthus brevirostris,Malacanthus_brevirostris,1,0,0,1,0,
Actinopterygii,Perciformes,Labrisomidae,Malacoctenus,Malacoctenus tetranemus,Malacoctenus_tetranemus,1,0,0,1,1,
Actinopterygii,Perciformes,Labrisomidae,Malacoctenus,Malacoctenus zonogaster,Malacoctenus_zonogaster,1,1,1,1,1,
Actinopterygii,Tetraodontiformes,Molidae,Masturus,Masturus lanceolatus,Masturus_lanceolatus,1,0,0,0,0,
Actinopterygii,Atheriniformes,Atherinopsidae,Melanorhinus,Melanorhinus cyanellus,Melanorhinus_cyanellus,1,0,0,1,1,
Actinopterygii,Tetraodontiformes,Balistidae,Melichthys,Melichthys niger,Melichthys_niger,1,0,0,1,0,
Actinopterygii,Tetraodontiformes,Balistidae,Melichthys,Melichthys vidua,Melichthys_vidua,1,0,0,1,0,
Actinopterygii,Gadiformes,Merlucciidae,Merluccius,Merluccius gayi,Merluccius_gayi_peruanus,1,0,0,0,0,
Actinopterygii,Perciformes,Microdesmidae,Microdesmus,Microdesmus dipus,Microdesmus_dipus,1,0,0,0,1,
Actinopterygii,Perciformes,Pomacentridae,Microspathodon,Microspathodon bairdii,Microspathodon_bairdii,1,0,0,1,1,
Actinopterygii,Perciformes,Pomacentridae,Microspathodon,Microspathodon dorsalis,Microspathodon_dorsalis,1,0,0,1,1,
Actinopterygii,Tetraodontiformes,Molidae,Mola,Mola mola,Mola_mola,1,0,0,0,0,
Actinopterygii,Pleuronectiformes,Bothidae,Monolene,Monolene maculipinna,Monolene_maculipinna,1,0,0,0,1,
Actinopterygii,Mugiliformes,Mugilidae,Mugil,Mugil cephalus,Mugil_cephalus,1,0,0,0,0,
Actinopterygii,Mugiliformes,Mugilidae,Mugil,Mugil curema,Mugil_curema,1,0,0,1,0,
Actinopterygii,Mugiliformes,Mugilidae,Mugil,Mugil galapagensis,Mugil_galapagensis,1,1,1,1,1,
Actinopterygii,Mugiliformes,Mugilidae,Mugil,Mugil setosus,Mugil_setosus,1,0,0,1,1,
Actinopterygii,Perciformes,Mullidae,Mulloidichthys,Mulloidichthys dentatus,Mulloidichthys_dentatus,1,0,0,1,1,
Actinopterygii,Anguilliformes,Muraenidae,Muraena,Muraena argus,Muraena_argus,1,0,0,1,1,
Actinopterygii,Anguilliformes,Muraenidae,Muraena,Muraena clepsydra,Muraena_clepsydra,1,0,0,1,1,
Actinopterygii,Anguilliformes,Muraenidae,Muraena,Muraena lentiginosa,Muraena_lentiginosa,1,0,0,1,1,
Actinopterygii,Perciformes,Serranidae,Mycteroperca,Mycteroperca olfax,Mycteroperca_olfax,1,0,0,1,1,
Actinopterygii,Perciformes,Serranidae,Mycteroperca,Mycteroperca xenarcha,Mycteroperca_xenarcha,1,0,0,1,1,
Actinopterygii,Anguilliformes,Ophichthidae,Myrichthys,Myrichthys tigrinus,Myrichthys_tigrinus,1,0,0,1,1,
Actinopterygii,Beryciformes,Holocentridae,Myripristis,Myripristis berndti,Myripristis_berndti,1,0,0,1,0,
Actinopterygii,Beryciformes,Holocentridae,Myripristis,Myripristis leiognathus,Myripristis_leiognathus,1,0,0,1,1,
Actinopterygii,Anguilliformes,Myrocongridae,Myroconger,Myroconger nigrodentatus,Myroconger_nigrodentatus,1,0,0,1,1,"Ecuador, Galapagos, Cocos Island"
Actinopterygii,Perciformes,Dactyloscopidae,Myxodagnus,Myxodagnus sagitta,Myxodagnus_sagitta,1,1,1,0,1,
Actinopterygii,Perciformes,Acanthuridae,Naso,Naso brevirostris,Naso_brevirostris,1,0,0,1,0,
Actinopterygii,Perciformes,Acanthuridae,Naso,Naso vlamingii,Naso_vlamingii,1,0,0,1,0,
Actinopterygii,Perciformes,Carangidae,Naucrates,Naucrates ductor,Naucrates_ductor,1,0,0,0,0,
Actinopterygii,Perciformes,Gempylidae,Nealotus,Nealotus tripes,Nealotus_tripes,1,0,0,0,0,
Actinopterygii,Perciformes,Sciaenidae,Nebris,Nebris occidentalis,Nebris_occidentalis,1,0,0,0,1,
Actinopterygii,Perciformes,Nematistiidae,Nematistius,Nematistius pectoralis,Nematistius_pectoralis,1,0,0,0,1,
Actinopterygii,Beryciformes,Holocentridae,Neoniphon,Neoniphon suborbitalis,Sargocentron_suborbitale,1,0,0,1,1,
Actinopterygii,Perciformes,Pomacentridae,Nexilosus,Nexilosus latifrons,Nexilosus_latifrons,1,0,0,1,0,
Actinopterygii,Perciformes,Scaridae,Nicholsina,Nicholsina denticulata,Nicholsina_denticulata,1,0,0,1,1,
Actinopterygii,Perciformes,Nomeidae,Nomeus,Nomeus gronovii,Nomeus_gronovii,1,0,0,0,0,
Actinopterygii,Perciformes,Labridae,Novaculichthys,Novaculichthys taeniourus,Novaculichthys_taeniourus,1,0,0,1,0,
Actinopterygii,Perciformes,Sciaenidae,Odontoscion,Odontoscion eurymesops,Odontoscion_eurymesops,1,1,?,1,1,Galapagos and Cocos Island
Actinopterygii,Lophiiformes,Ogcocephalidae,Ogcocephalus,Ogcocephalus darwini,Ogcocephalus_darwini,1,1,1,1,1,
Actinopterygii,Ophidiiformes,Bythitidae,Ogilbia,Ogilbia deroyi,Ogilbia_deroyi,1,1,1,1,1,
Actinopterygii,Ophidiiformes,Bythitidae,Ogilbia,Ogilbia galapagosensis,Ogilbia_galapagosensis,1,1,1,1,1,
Actinopterygii,Perciformes,Carangidae,Oligoplites,Oligoplites saurus inornatus,Oligoplites_saurus,1,0,0,0,1,
Actinopterygii,Anguilliformes,Ophichthidae,Ophichthus,Ophichthus arneutes,Ophichthus_arneutes,1,1,1,0,1,
Actinopterygii,Anguilliformes,Ophichthidae,Ophichthus,Ophichthus rugifer,Ophichthus_rugifer,1,0,?,0,1,Galapagos and Cocos Island
Actinopterygii,Perciformes,Blenniidae,Ophioblennius,Ophioblennius steindachneri,Ophioblennius_steindachneri,1,0,0,1,1,
Actinopterygii,Clupeiformes,Clupeidae,Opisthonema,Opisthonema berlangai,Opisthonema_berlangai,1,1,1,0,1,
Actinopterygii,Clupeiformes,Clupeidae,Opisthonema,Opisthonema libertate,Opisthonema_libertate,1,0,0,0,1,
Actinopterygii,Perciformes,Opistognathidae,Opistognathus,Opistognathus galapagensis,Opistognathus_galapagensis,1,0,0,1,1,
Actinopterygii,Perciformes,Opistognathidae,Opistognathus,Opistognathus scops,Opistognathus_scops,1,0,0,1,1,
Actinopterygii,Perciformes,Oplegnathidae,Oplegnathus,Oplegnathus insignis,Oplegnathus_insignis,1,0,0,1,0,
Actinopterygii,Perciformes,Haemulidae,Orthopristis,Orthopristis cantharinus,Orthopristis_cantharinus,1,1,1,1,1,
Actinopterygii,Perciformes,Haemulidae,Orthopristis,Orthopristis chalceus,Orthopristis_chalceus,1,0,0,0,1,
Actinopterygii,Perciformes,Haemulidae,Orthopristis,Orthopristis forbesi,Orthopristis_forbesi,1,1,1,1,1,
Actinopterygii,Perciformes,Haemulidae,Orthopristis,Orthopristis lethopristis,Orthopristis_lethopristis,1,1,1,1,1,
Actinopterygii,Tetraodontiformes,Ostraciidae,Ostracion,Ostracion meleagris meleagris,Ostracion_meleagris,1,0,0,1,0,
Actinopterygii,Ophidiiformes,Ophidiidae,Otophidium,Otophidium indefatigabile,Otophidium_indefatigabile,1,0,0,0,1,
Actinopterygii,Perciformes,Cirrhitidae,Oxycirrhites,Oxycirrhites typus,Oxycirrhites_typus,1,0,0,1,0,
Actinopterygii,Beloniformes,Hemiramphidae,Oxyporhamphus,Oxyporhamphus micropterus micropterus,Oxyporhamphus_micropterus_micropterus,1,0,0,0,0,
Actinopterygii,Anguilliformes,Congridae,Paraconger,Paraconger californiensis,Paraconger_californiensis,1,0,0,0,1,
Actinopterygii,Anguilliformes,Congridae,Paraconger,Paraconger similis,Paraconger_similis,1,0,0,0,1,
Actinopterygii,Perciformes,Serranidae,Paralabrax,Paralabrax albomaculatus,Paralabrax_albomaculatus,1,1,1,1,1,
Actinopterygii,Perciformes,Serranidae,Paralabrax,Paralabrax humeralis,Paralabrax_humeralis,1,0,0,1,0,
Actinopterygii,Anguilliformes,Ophichthidae,Paraletharchus,Paraletharchus opercularis,Paraletharchus_opercularis,1,1,0,0,1,"Revillagigedos, Cocos & Galapagos"
Actinopterygii,Pleuronectiformes,Paralichthyidae,Paralichthys,Paralichthys woolmani,Paralichthys_woolmani,1,0,0,0,1,
Actinopterygii,Perciformes,Sciaenidae,Pareques,Pareques perissa,Pareques_perissa,1,1,1,1,1,
Actinopterygii,Beloniformes,Exocoetidae,Parexocoetus,Parexocoetus brachypterus brachypterus,Parexocoetus_brachypterus,1,0,0,0,0,
Actinopterygii,Perciformes,Stromateidae,Peprilus,Peprilus medius,Peprilus_medius,1,0,0,0,1,
Actinopterygii,Scorpaeniformes,Peristediidae,Peristedion,Peristedion crustosum,Peristedion_crustosum,1,0,0,0,1,
Actinopterygii,Ophidiiformes,Ophidiidae,Petrotyx,Petrotyx hopkinsi,Petrotyx_hopkinsi,1,0,0,1,1,
Actinopterygii,Anguilliformes,Ophichthidae,Phaenomonas,Phaenomonas pinnata,Phaenomonas_pinnata,1,0,0,1,1,
Actinopterygii,Perciformes,Echeneidae,Phtheirichthys,Phtheirichthys lineatus,Phtheirichthys_lineatus,1,0,0,0,0,
Actinopterygii,Gadiformes,Moridae,Physiculus,Physiculus nematopus,Physiculus_nematopus,1,0,0,0,1,
Actinopterygii,Perciformes,Blenniidae,Plagiotremus,Plagiotremus azaleus,Plagiotremus_azaleus,1,0,0,1,1,
Actinopterygii,Beloniformes,Belonidae,Platybelone,Platybelone argalus pterura,Platybelone_argalus_pterura,1,0,0,0,1,
Actinopterygii,Perciformes,Dactyloscopidae,Platygillellus,Platygillellus rubellulus,Platygillellus_rubellulus,1,1,1,1,1,
Actinopterygii,Perciformes,Polynemidae,Polydactylus,Polydactylus approximans,Polydactylus_approximans,1,0,0,0,1,
Actinopterygii,Perciformes,Pomacanthidae,Pomacanthus,Pomacanthus zonipectus,Pomacanthus_zonipectus,1,0,0,1,1,
Actinopterygii,Scorpaeniformes,Scorpaenidae,Pontinus,Pontinus clemensi,Pontinus_clemensi,1,0,0,0,1,
Actinopterygii,Scorpaeniformes,Scorpaenidae,Pontinus,Pontinus furcirhinus,Pontinus_furcirhinus,1,0,0,1,1,
Actinopterygii,Scorpaeniformes,Scorpaenidae,Pontinus,Pontinus strigatus,Pontinus_strigatus,1,0,0,1,1,
Actinopterygii,Scorpaeniformes,Scorpaenidae,Pontinus,Pontinus vaughani,Pontinus_vaughani,1,0,0,1,1,
Actinopterygii,Batrachoidiformes,Batrachoididae,Porichthys,Porichthys margaritatus,Porichthys_margaritatus,1,0,0,1,1,
Actinopterygii,Scorpaeniformes,Triglidae,Prionotus,Prionotus miles,Prionotus_miles,1,1,1,1,1,
Actinopterygii,Scorpaeniformes,Triglidae,Prionotus,Prionotus stephanophrys,Prionotus_stephanophrys,1,0,0,0,1,
Actinopterygii,Perciformes,Acanthuridae,Prionurus,Prionurus laticlavius,Prionurus_laticlavius,1,0,0,1,1,
Actinopterygii,Perciformes,Acanthuridae,Prionurus,Prionurus punctatus,Prionurus_punctatus,1,0,0,1,1,
Actinopterygii,Perciformes,Priacanthidae,Pristigenys,Pristigenys serrula,Pristigenys_serrula,1,0,0,1,1,
Actinopterygii,Perciformes,Lutjanidae,Pristipomoides,Pristipomoides zonatus,Pristipomoides_zonatus,1,0,0,1,0,
Actinopterygii,Perciformes,Chaetodontidae,Prognathodes,Prognathodes carlhubbsi,Prognathodes_carlhubbsi,1,1,0,1,1,
Actinopterygii,Beloniformes,Exocoetidae,Prognichthys,Prognichthys sealei,Prognichthys_sealei,1,0,0,0,0,
Actinopterygii,Beloniformes,Exocoetidae,Prognichthys,Prognichthys tringa,Prognichthys_tringa,1,0,0,0,0,
Actinopterygii,Perciformes,Serranidae,Pronotogrammus,Pronotogrammus multifasciatus,Pronotogrammus_multifasciatus,1,0,0,1,1,
Actinopterygii,Perciformes,Nomeidae,Psenes,Psenes arafurensis,Psenes_arafurensis,1,0,0,0,0,
Actinopterygii,Perciformes,Nomeidae,Psenes,Psenes cyanophrys,Psenes_cyanophrys,1,0,0,0,0,
Actinopterygii,Perciformes,Nomeidae,Psenes,Psenes pellucidus,Psenes_pellucidus,1,0,0,0,0,
Actinopterygii,Perciformes,Nomeidae,Psenes,Psenes sio,Psenes_sio,1,0,0,0,1,
Actinopterygii,Tetraodontiformes,Balistidae,Pseudobalistes,Pseudobalistes naufragium,Pseudobalistes_naufragium,1,0,0,1,1,
Actinopterygii,Perciformes,Serranidae,Pseudogramma,Pseudogramma thaumasia,Pseudogramma_thaumasia,1,0,0,1,1,
Actinopterygii,Perciformes,Mullidae,Pseudupeneus,Pseudupeneus grandisquamis,Pseudupeneus_grandisquamis,1,0,0,1,1,
Actinopterygii,Anguilliformes,Ophichthidae,Quassiremus,Quassiremus evionthas,Quassiremus_evionthas,1,1,?,1,1,Galapagos and Cocos island
Actinopterygii,Tetraodontiformes,Molidae,Ranzania,Ranzania laevis,Ranzania_laevis,0,0,0,0,0,
Actinopterygii,Perciformes,Echeneidae,Remora,Remora albescens,Remora_albescens,1,0,0,0,0,
Actinopterygii,Perciformes,Echeneidae,Remora,Remora australis,Remora_australis,1,0,0,0,0,
Actinopterygii,Perciformes,Echeneidae,Remora,Remora brachyptera,Remora_brachyptera,1,0,0,0,0,
Actinopterygii,Perciformes,Echeneidae,Remora,Remora osteochir,Remora_osteochir,1,0,0,0,0,
Actinopterygii,Perciformes,Echeneidae,Remora,Remora remora,Remora_remora,1,0,0,0,0,
Actinopterygii,Perciformes,Gempylidae,Ruvettus,Ruvettus pretiosus,Ruvettus_pretiosus,0,0,0,0,0,
Actinopterygii,Perciformes,Serranidae,Rypticus,Rypticus bicolor,Rypticus_bicolor,1,0,0,1,1,
Actinopterygii,Perciformes,Serranidae,Rypticus,Rypticus nigripinnis,Rypticus_nigripinnis,1,0,0,1,1,
Actinopterygii,Perciformes,Labridae,Sagittalarva,Sagittalarva inornata,Sagittalarva_inornata,1,0,0,0,1,
Actinopterygii,Perciformes,Scombridae,Sarda,Sarda orientalis,Sarda_orientalis,1,0,0,0,0,
Actinopterygii,Clupeiformes,Clupeidae,Sardinops,Sardinops sagax,Sardinops_sagax,1,0,0,0,0,
Actinopterygii,Perciformes,Scaridae,Scarus,Scarus compressus,Scarus_compressus,1,0,0,1,1,
Actinopterygii,Perciformes,Scaridae,Scarus,Scarus ghobban,Scarus_ghobban,1,0,0,1,0,
Actinopterygii,Perciformes,Scaridae,Scarus,Scarus perrico,Scarus_perrico,1,0,0,1,1,
Actinopterygii,Perciformes,Scaridae,Scarus,Scarus rubroviolaceus,Scarus_rubroviolaceus,1,0,0,1,0,
Actinopterygii,Perciformes,Scombridae,Scomber,Scomber japonicus,Scomber_japonicus,1,0,0,0,0,
Actinopterygii,Perciformes,Scombridae,Scomberomorus,Scomberomorus sierra,Scomberomorus_sierra,1,0,0,0,1,
Actinopterygii,Scorpaeniformes,Scorpaenidae,Scorpaena,Scorpaena cocosensis,Scorpaena_cocosensis,1,1,?,1,1,cocos island and north Galapagos
Actinopterygii,Scorpaeniformes,Scorpaenidae,Scorpaena,Scorpaena histrio,Scorpaena_histrio,1,0,0,1,1,
Actinopterygii,Scorpaeniformes,Scorpaenidae,Scorpaena,Scorpaena mystes,Scorpaena_mystes,1,0,0,1,1,
Actinopterygii,Scorpaeniformes,Scorpaenidae,Scorpaenodes,Scorpaenodes rubrivinctus,Scorpaenodes_rubrivinctus,1,1,?,1,1,Galapagos and cocos island
Actinopterygii,Scorpaeniformes,Scorpaenidae,Scorpaenodes,Scorpaenodes xyris,Scorpaenodes_xyris,1,0,0,1,1,
Actinopterygii,Anguilliformes,Ophichthidae,Scytalichthys,Scytalichthys miurus,Scytalichthys_miurus,1,0,0,0,1,
Actinopterygii,Perciformes,Carangidae,Selar,Selar crumenophthalmus,Selar_crumenophthalmus,1,0,0,0,0,
Actinopterygii,Perciformes,Carangidae,Selene,Selene peruviana,Selene_peruviana,1,0,0,0,1,
Actinopterygii,Perciformes,Labridae,Semicossyphus,Semicossyphus darwini,Semicossyphus_darwini,1,0,0,1,0,
Actinopterygii,Perciformes,Carangidae,Seriola,Seriola lalandi,Seriola_lalandi,1,0,0,1,0,
Actinopterygii,Perciformes,Carangidae,Seriola,Seriola peruana,Seriola_peruana,1,0,0,1,1,
Actinopterygii,Perciformes,Carangidae,Seriola,Seriola rivoliana,Seriola_rivoliana,1,0,0,0,0,
Actinopterygii,Perciformes,Centrolophidae,Seriolella,Seriolella violacea,Seriolella_violacea,1,0,0,0,0,
Actinopterygii,Perciformes,Serranidae,Serranus,Serranus aequidens,Serranus_aequidens,1,0,0,1,1,
Actinopterygii,Perciformes,Serranidae,Serranus,Serranus psittacinus,Serranus_psittacinus,1,0,0,1,1,
Actinopterygii,Perciformes,Serranidae,Serranus,Serranus stilbostigma,Serranus_stilbostigma,1,1,1,1,1,
Actinopterygii,Tetraodontiformes,Tetraodontidae,Sphoeroides,Sphoeroides angusticeps,Sphoeroides_angusticeps,1,0,0,1,1,
Actinopterygii,Tetraodontiformes,Tetraodontidae,Sphoeroides,Sphoeroides annulatus,Sphoeroides_annulatus,1,0,0,1,1,
Actinopterygii,Tetraodontiformes,Tetraodontidae,Sphoeroides,Sphoeroides lobatus,Sphoeroides_lobatus,1,0,0,1,1,
Actinopterygii,Tetraodontiformes,Tetraodontidae,Sphoeroides,Sphoeroides trichocephalus,Sphoeroides_trichocephalus,1,0,0,0,1,
Actinopterygii,Perciformes,Sphyraenidae,Sphyraena,Sphyraena barracuda,Sphyraena_barracuda,1,0,0,1,0,
Actinopterygii,Perciformes,Sphyraenidae,Sphyraena,Sphyraena idiastes,Sphyraena_idiastes,1,0,0,1,0,
Actinopterygii,Perciformes,Labrisomidae,Starksia,Starksia galapagensis,Starksia_galapagensis,1,1,1,1,1,
Actinopterygii,Perciformes,Pomacentridae,Stegastes,Stegastes acapulcoensis,Stegastes_acapulcoensis,1,0,0,1,1,
Actinopterygii,Perciformes,Pomacentridae,Stegastes,Stegastes arcifrons,Stegastes_arcifrons,1,0,0,1,1,
Actinopterygii,Perciformes,Pomacentridae,Stegastes,Stegastes beebei,Stegastes_beebei,1,0,0,1,1,
Actinopterygii,Perciformes,Pomacentridae,Stegastes,Stegastes flavilatus,Stegastes_flavilatus,1,0,0,1,1,
Actinopterygii,Perciformes,Labridae,Stethojulis,Stethojulis bandanensis,Stethojulis_bandanensis,1,0,0,1,0,
Actinopterygii,Beloniformes,Belonidae,Strongylura,Strongylura exilis,Strongylura_exilis,1,0,0,0,1,
Actinopterygii,Tetraodontiformes,Balistidae,Sufflamen,Sufflamen verres,Sufflamen_verres,1,0,0,1,1,
Actinopterygii,Pleuronectiformes,Paralichthyidae,Syacium,Syacium latifrons,Syacium_latifrons,1,0,0,0,1,
Actinopterygii,Pleuronectiformes,Paralichthyidae,Syacium,Syacium maculiferum,Syacium_maculiferum,1,1,?,0,1,Galapagos and cocos island
Actinopterygii,Pleuronectiformes,Cynoglossidae,Symphurus,Symphurus atramentatus,Symphurus_atramentatus,1,0,0,0,1,
Actinopterygii,Pleuronectiformes,Cynoglossidae,Symphurus,Symphurus diabolicus,Symphurus_diabolicus,1,1,?,0,1,Galapagos and cocos island
Actinopterygii,Pleuronectiformes,Cynoglossidae,Symphurus,Symphurus varius,Symphurus_varius,1,0,0,0,1,
Actinopterygii,Perciformes,Callionymidae,Synchiropus,Synchiropus atrilabiatus,Synchiropus_atrilabiatus,1,0,0,0,1,
Actinopterygii,Aulopiformes,Synodontidae,Synodus,Synodus lacertinus,Synodus_lacertinus,1,0,0,1,1,
Actinopterygii,Aulopiformes,Synodontidae,Synodus,Synodus scituliceps,Synodus_scituliceps,1,0,0,0,1,
Actinopterygii,Aulopiformes,Synodontidae,Synodus,Synodus sechurae,Synodus_sechurae,1,0,0,0,1,
Actinopterygii,Scorpaeniformes,Scorpaenidae,Taenianotus,Taenianotus triacanthus,Taenianotus_triacanthus,1,0,0,1,0,
Actinopterygii,Perciformes,Bramidae,Taractes,Taractes rubescens,Taractes_rubescens,1,0,0,0,0,
Actinopterygii,Perciformes,Istiophoridae,Tetrapturus,Tetrapturus angustirostris,Tetrapturus_angustirostris,1,0,0,0,0,
Actinopterygii,Perciformes,Labridae,Thalassoma,Thalassoma grammaticum,Thalassoma_grammaticum,1,0,0,1,1,
Actinopterygii,Perciformes,Labridae,Thalassoma,Thalassoma lucasanum,Thalassoma_lucasanum,1,0,0,1,1,
Actinopterygii,Perciformes,Labridae,Thalassoma,Thalassoma purpureum,Thalassoma_purpureum,1,0,0,1,0,
Actinopterygii,Perciformes,Scombridae,Thunnus,Thunnus alalunga,Thunnus_alalunga,1,0,0,0,0,
Actinopterygii,Perciformes,Scombridae,Thunnus,Thunnus albacares,Thunnus_albacares,1,0,0,0,0,
Actinopterygii,Perciformes,Scombridae,Thunnus,Thunnus obesus,Thunnus_obesus,1,0,0,0,0,
Actinopterygii,Perciformes,Gobiidae,Tigrigobius,Tigrigobius nesiotes,Tigrigobius_nesiotes,1,0,0,1,1,
Actinopterygii,Perciformes,Gobiesocidae,Tomicodon,Tomicodon chilensis,Tomicodon_chilensis,1,0,0,1,0,
Actinopterygii,Perciformes,Gobiesocidae,Tomicodon,Tomicodon petersii,Tomicodon_petersii,1,0,0,1,1,
Actinopterygii,Perciformes,Carangidae,Trachinotus,Trachinotus paitensis,Trachinotus_paitensis,1,0,0,0,1,
Actinopterygii,Perciformes,Carangidae,Trachinotus,Trachinotus rhodopus,Trachinotus_rhodopus,1,0,0,1,1,
Actinopterygii,Perciformes,Carangidae,Trachinotus,Trachinotus stilbe,Trachinotus_stilbe,1,0,0,1,1,
Actinopterygii,Perciformes,Carangidae,Trachurus,Trachurus murphyi,Trachurus_murphyi,1,0,0,0,0,
Actinopterygii,Scorpaeniformes,Scorpaenidae,Trachyscorpia,Trachyscorpia osheri,Trachyscorpia_osheri,1,1,1,1,1,
Actinopterygii,Perciformes,Trichiuridae,Trichiurus,Trichiurus lepturus,Trichiurus_lepturus,1,0,0,0,0,
Actinopterygii,Pleuronectiformes,Achiridae,Trinectes,Trinectes fonsecensis,Trinectes_fonsecensis,1,0,0,0,1,
Actinopterygii,Beloniformes,Belonidae,Tylosurus,Tylosurus crocodilus fodiator,Tylosurus_crocodilus_fodiator,1,0,0,1,1,
Actinopterygii,Beloniformes,Belonidae,Tylosurus,Tylosurus pacificus,Tylosurus_pacificus,1,0,0,1,1,
Actinopterygii,Perciformes,Sciaenidae,Umbrina,Umbrina galapagorum,Umbrina_galapagorum,1,1,?,1,1,rare in Cocos Island
Actinopterygii,Perciformes,Carangidae,Uraspis,Uraspis helvola,Uraspis_helvola,1,0,0,1,0,
Actinopterygii,Anguilliformes,Muraenidae,Uropterygius,Uropterygius macrocephalus,Uropterygius_macrocephalus,1,0,0,1,0,
Actinopterygii,Anguilliformes,Muraenidae,Uropterygius,Uropterygius polystictus,Uropterygius_polystictus,1,0,0,1,1,
Actinopterygii,Anguilliformes,Muraenidae,Uropterygius,Uropterygius versutus,Uropterygius_versutus,1,0,0,1,1,
Actinopterygii,Tetraodontiformes,Balistidae,Xanthichthys,Xanthichthys caeruleolineatus,Xanthichthys_caeruleolineatus,1,0,0,1,0,
Actinopterygii,Tetraodontiformes,Balistidae,Xanthichthys,Xanthichthys mento,Xanthichthys_mento,1,0,0,1,0,
Actinopterygii,Perciformes,Haemulidae,Xenichthys,Xenichthys agassizii,Xenichthys_agassizii,1,1,1,1,1,
Actinopterygii,Perciformes,Haemulidae,Xenichthys,Xenichthys xanti,Xenichthys_xanti,1,0,0,1,1,
Actinopterygii,Perciformes,Haemulidae,Xenocys,Xenocys jessiae,Xenocys_jessiae,1,1,1,1,1,
Actinopterygii,Mugiliformes,Mugilidae,Xenomugil,Xenomugil thoburni,Xenomugil_thoburni,1,0,0,1,1,
Actinopterygii,Perciformes,Xiphiidae,Xiphias,Xiphias gladius,Xiphias_gladius,1,0,0,0,0,
Actinopterygii,Perciformes,Labridae,Xyrichtys,Xyrichtys victori,Xyrichtys_victori,1,1,?,0,1,Galapagos and Cocos Island
Actinopterygii,Perciformes,Zanclidae,Zanclus,Zanclus cornutus,Zanclus_cornutus,1,0,0,1,0,