<?xml version="1.0" encoding="UTF-8"?><metadata>
    <idinfo>
        <citation>
            <citeinfo>
                <title>2010 Census County Boundaries</title>
                <onlink>https://geodata.hawaii.gov/arcgis/rest/services/Census/MapServer/19</onlink>
                <onlink>https://files.hawaii.gov/dbedt/op/gis/data/county10.pdf</onlink>
            </citeinfo>
        </citation>
        <descript>
            <abstract>[Metadata] 2010 Census County Boundaries.  Source:  US Census Bureau.For additional information, please refer to complete metadata at https://files.hawaii.gov/dbedt/op/gis/data/county10.pdf or contact Hawaii Statewide GIS Program, Office of Planning, State of Hawaii; PO Box 2359, Honolulu, Hi. 96804; (808) 587-2846; email: gis@hawaii.gov; Website: https://planning.hawaii.gov/gis.</abstract>
            <purpose>2010 Census County Boundaries</purpose>
        </descript>
        <keywords>
            <theme>
                <themekt>None</themekt>
                <themekey>census</themekey>
                <themekey>population</themekey>
                <themekey>demographics</themekey>
                <themekey>2010</themekey>
                <themekey>Census County Boundaries</themekey>
                <themekey>Hawaii</themekey>
            </theme>
        </keywords>
        <accconst>None</accconst>
        <useconst>State of Hawaii Terms of Use. 



The
 contents of this web page are public domain and to the extent indicated
 otherwise in the Terms of Use, are exempt from Terms of Use policy 
restrictions.There are no expressed warranties associated with the 
release of this data or product. Specifically, no warranty is made that 
the GIS data or any subsequent updates will be error free and no 
warranty is made regarding the positional or thematic accuracy of the 
GIS data. The GIS data and any features depicted do not represent or 
confer any legal rights, privileges, benefits, boundaries or claims of 
any kind. The Office of Planning encourages users to report any 
discrepancies or errors found.  Contact: Hawaii Statewide GIS Program, Office of Planning, State of Hawaii; PO Box 2359, Honolulu, Hi. 96804; (808) 587-2846; email: gis@hawaii.gov. Website: https://planning.hawaii.gov/gis.</useconst>
        <datacred>U.S. Census Bureau; State of Hawaii GIS Program</datacred>
    </idinfo>
    <metainfo>
        <metd>20201030</metd>
        <metc>
            <cntinfo>
                <!--no contact person or organization name available-->
            </cntinfo>
        </metc>
        <metstdn>FGDC Content Standard for Digital Geospatial Metadata</metstdn>
        <metstdv>FGDC-STD-001-1998</metstdv>
        <mettc>local time</mettc>
    </metainfo>
</metadata>
